subject,trial_idx,start_marker,stop_marker,start_time,stop_time,used_duration,true_freq,pred_class_idx,pred_freq,correct
SS09,1,Start1,Stop1,429911.07946501183,429916.08617130184,4.0,7.0,0,7.0,True
SS09,2,Start2,Stop2,429923.07972864807,429928.27555163397,4.0,8.0,0,7.0,False
SS09,3,Start3,Stop3,429935.29143107974,429940.2780388702,4.0,9.0,0,7.0,False
SS09,4,Start4,Stop4,429947.07687622076,429952.28287850635,4.0,11.0,0,7.0,False
SS09,5,Start5,Stop5,429959.2750564527,429964.2723090429,4.0,7.5,0,7.0,False
SS09,6,Start6,Stop6,429971.07448799344,429976.2703585793,4.0,8.5,0,7.0,False
SS09,7,Start7,Stop7,429983.2737899254,429988.27351041546,4.0,7.0,0,7.0,True
SS09,8,Start8,Stop8,429995.2715247617,430000.27108095185,4.0,8.0,0,7.0,False
SS09,9,Start9,Stop9,430007.68486278894,430012.66892097937,4.0,9.0,0,7.0,False
SS09,10,Start10,Stop10,430019.6672423256,430024.6829559154,4.0,11.0,0,7.0,False
SS09,11,Start11,Stop11,430031.66824136185,430036.668539852,4.0,7.5,0,7.0,False
SS09,12,Start12,Stop12,430043.4717732025,430048.6659235883,4.0,8.5,0,7.0,False
SS09,13,Start13,Stop13,430055.66613023455,430060.66746682464,4.0,7.0,0,7.0,True
SS09,14,Start14,Stop14,430067.6667666708,430072.67022106086,4.0,8.0,0,7.0,False
SS09,15,Start15,Stop15,430080.08372499794,430085.268381584,4.0,9.0,0,7.0,False
SS09,16,Start16,Stop16,430092.2713245301,430097.2678652204,4.0,11.0,0,7.0,False
SS09,17,Start17,Stop17,430104.2863315661,430109.2687769566,4.0,7.5,0,7.0,False
SS09,18,Start18,Stop18,430116.2717453028,430121.27640469273,4.0,8.5,0,7.0,False
SS09,19,Start19,Stop19,430128.47275603464,430133.4732503248,4.0,7.0,0,7.0,True
SS09,20,Start20,Stop20,430140.47644447087,430145.47633666097,4.0,8.0,0,7.0,False
SS09,21,Start21,Stop21,430152.47778440715,430157.4778336972,4.0,9.0,0,7.0,False
SS09,22,Start22,Stop22,430164.47799234337,430169.48464253335,4.0,11.0,0,7.0,False
SS09,23,Start23,Stop23,430176.6871792751,430181.67885216547,4.0,7.5,0,7.0,False
SS09,24,Start24,Stop24,430188.68094971153,430193.68206700165,4.0,8.5,0,7.0,False
SS10,1,Start1,Stop1,430690.21940168185,430695.2203141752,4.0,7.0,0,7.0,True
SS10,2,Start2,Stop2,430702.6272237134,430707.6285784067,4.0,8.0,0,7.0,False
SS10,3,Start3,Stop3,430714.83075994113,430720.0353219382,4.0,9.0,0,7.0,False
SS10,4,Start4,Stop4,430727.2393131726,430732.2350001659,4.0,11.0,0,7.0,False
SS10,5,Start5,Stop5,430739.4427411003,430744.4500976937,4.0,7.5,0,7.0,False
SS10,6,Start6,Stop6,430751.64603532804,430756.6978864223,4.0,8.5,0,7.0,False
SS10,7,Start7,Stop7,430764.0512566595,430769.0570927529,4.0,7.0,0,7.0,True
SS10,8,Start8,Stop8,430776.2655221874,430781.25826088054,4.0,8.0,0,7.0,False
SS10,9,Start9,Stop9,430788.46459971496,430793.46277280827,4.0,9.0,0,7.0,False
SS10,10,Start10,Stop10,430800.67509944283,430805.67893143615,4.0,11.0,0,7.0,False
SS10,11,Start11,Stop11,430812.87868257053,430817.8823588639,4.0,7.5,0,7.0,False
SS10,12,Start12,Stop12,430825.08220559824,430830.0799972915,4.0,8.5,0,7.0,False
SS10,13,Start13,Stop13,430837.2866171259,430842.2947971194,4.0,7.0,0,7.0,True
SS10,14,Start14,Stop14,430849.49045035365,430854.5051532472,4.0,8.0,0,7.0,False
SS10,15,Start15,Stop15,430861.7050030816,430866.69973997475,4.0,9.0,0,7.0,False
SS10,16,Start16,Stop16,430873.90387450915,430878.91367080266,4.0,11.0,0,7.0,False
SS10,17,Start17,Stop17,430886.3129254407,430891.31149553397,4.0,7.5,0,7.0,False
SS10,18,Start18,Stop18,430898.71036377206,430903.7125928654,4.0,8.5,0,7.0,False
SS10,19,Start19,Stop19,430910.91544299974,430915.9190207931,4.0,7.0,0,7.0,True
SS10,20,Start20,Stop20,430923.1573154282,430927.92811411724,4.0,8.0,0,7.0,False
SS10,21,Start21,Stop21,430935.33119015535,430940.3546744491,4.0,9.0,0,7.0,False
SS10,22,Start22,Stop22,430947.53398498305,430952.5396187764,4.0,11.0,0,7.0,False
SS10,23,Start23,Stop23,430959.74417841085,430964.74360270414,4.0,7.5,0,7.0,False
SS10,24,Start24,Stop24,430971.95139953867,430976.9524102319,4.0,8.5,0,7.0,False
SS11,1,Start1,Stop1,431160.2850503977,431165.2964761862,4.0,7.0,0,7.0,True
SS11,2,Start2,Stop2,431172.49342918256,431177.4924547716,4.0,8.0,0,7.0,False
SS11,3,Start3,Stop3,431184.69246286777,431189.7030641563,4.0,9.0,0,7.0,False
SS11,4,Start4,Stop4,431196.9018041525,431201.90456334146,4.0,11.0,0,7.0,False
SS11,5,Start5,Stop5,431209.1066103375,431214.1112791263,4.0,7.5,0,7.0,False
SS11,6,Start6,Stop6,431221.3207194221,431226.5225081025,4.0,8.5,0,7.0,False
SS11,7,Start7,Stop7,431233.73171129834,431238.764617386,4.0,7.0,0,7.0,True
SS11,8,Start8,Stop8,431245.9293641836,431250.9385503722,4.0,8.0,0,7.0,False
SS11,9,Start9,Stop9,431258.3356342601,431263.1419315573,4.0,9.0,0,7.0,False
SS11,10,Start10,Stop10,431270.54358714493,431275.5463970338,4.0,11.0,0,7.0,False
SS11,11,Start11,Stop11,431282.7557177296,431287.7543104187,4.0,7.5,0,7.0,False
SS11,12,Start12,Stop12,431294.96635261434,431299.9615449035,4.0,8.5,0,7.0,False
SS11,13,Start13,Stop13,431307.37311459077,431312.3771674796,4.0,7.0,0,7.0,True
SS11,14,Start14,Stop14,431319.57481587585,431324.5791957647,4.0,8.0,0,7.0,False
SS11,15,Start15,Stop15,431331.9839410522,431336.9864181411,4.0,9.0,0,7.0,False
SS11,16,Start16,Stop16,431344.1956624369,431349.1954442259,4.0,11.0,0,7.0,False
SS11,17,Start17,Stop17,431356.60901891306,431361.60675510217,4.0,7.5,0,7.0,False
SS11,18,Start18,Stop18,431368.81863049784,431373.81303238706,4.0,8.5,0,7.0,False
SS11,19,Start19,Stop19,431381.0220149829,431386.018729272,4.0,7.0,0,7.0,True
SS11,20,Start20,Stop20,431393.2256040679,431398.22449915693,4.0,8.0,0,7.0,False
SS11,21,Start21,Stop21,431405.4306302529,431410.4308599418,4.0,9.0,0,7.0,False
SS11,22,Start22,Stop22,431417.6420358375,431422.65600602597,4.0,11.0,0,7.0,False
SS11,23,Start23,Stop23,431429.6485104309,431434.92791530816,4.0,7.5,0,7.0,False
SS11,24,Start24,Stop24,431442.05418430734,431447.065075296,4.0,8.5,0,7.0,False
SS12,1,Start1,Stop1,431647.43400815886,431652.44458753226,4.0,7.0,0,7.0,True
SS12,2,Start2,Stop2,431659.4458232362,431664.65701679257,4.0,8.0,0,7.0,False
SS12,3,Start3,Stop3,431671.84589598054,431676.8519461544,4.0,9.0,0,7.0,False
SS12,4,Start4,Stop4,431684.2585056238,431689.259453398,4.0,11.0,0,7.0,False
SS12,5,Start5,Stop5,431696.4641664846,431701.4641031589,4.0,7.5,0,7.0,False
SS12,6,Start6,Stop6,431708.4734575622,431713.479774636,4.0,8.5,0,7.0,False
SS12,7,Start7,Stop7,431720.8784276061,431725.8860725798,4.0,7.0,0,7.0,True
SS12,8,Start8,Stop8,431733.0868088667,431738.08887964085,4.0,8.0,0,7.0,False
SS12,9,Start9,Stop9,431745.29918652703,431750.29827710136,4.0,9.0,0,7.0,False
SS12,10,Start10,Stop10,431757.5100284874,431762.50876416184,4.0,11.0,0,7.0,False
SS12,11,Start11,Stop11,431769.7327884468,431774.71612182254,4.0,7.5,0,7.0,False
SS12,12,Start12,Stop12,431782.1181839924,431787.12120306643,4.0,8.5,0,7.0,False
SS12,13,Start13,Stop13,431794.32768475293,431799.3331716268,4.0,7.0,0,7.0,True
SS12,14,Start14,Stop14,431806.7428906959,431811.5415053874,4.0,8.0,0,7.0,False
SS12,15,Start15,Stop15,431818.75286817347,431823.7585424473,4.0,9.0,0,7.0,False
SS12,16,Start16,Stop16,431831.15295231773,431836.15601959184,4.0,11.0,0,7.0,False
SS12,17,Start17,Stop17,431843.35864247865,431848.36103465274,4.0,7.5,0,7.0,False
SS12,18,Start18,Stop18,431855.56611423934,431860.5724497131,4.0,8.5,0,7.0,False
SS12,19,Start19,Stop19,431867.7822033993,431872.7786531739,4.0,7.0,0,7.0,True
SS12,20,Start20,Stop20,431879.9830435606,431884.99399163394,4.0,8.0,0,7.0,False
SS12,21,Start21,Stop21,431892.19512562087,431897.3924507784,4.0,9.0,0,7.0,False
SS12,22,Start22,Stop22,431904.6011366647,431909.6046722387,4.0,11.0,0,7.0,False
SS12,23,Start23,Stop23,431916.80992322526,431921.8297523979,4.0,7.5,0,7.0,False
SS12,24,Start24,Stop24,431929.02602608525,431934.0163421604,4.0,8.5,0,7.0,False
SS13,1,Start1,Stop1,432092.3836158397,432097.3796741651,4.0,7.0,0,7.0,True
SS13,2,Start2,Stop2,432104.5785416339,432109.58263855975,4.0,8.0,0,7.0,False
SS13,3,Start3,Stop3,432116.9833015417,432121.9883661677,4.0,9.0,0,7.0,False
SS13,4,Start4,Stop4,432129.19657653704,432134.1951763626,4.0,11.0,0,7.0,False
SS13,5,Start5,Stop5,432141.4109151325,432146.4019905575,4.0,7.5,0,7.0,False
SS13,6,Start6,Stop6,432153.6077017268,432158.61624285294,4.0,8.5,0,7.0,False
SS13,7,Start7,Stop7,432166.0154768347,432171.01571656036,4.0,7.0,0,7.0,True
SS13,8,Start8,Stop8,432178.2195977295,432183.22177805525,4.0,8.0,0,7.0,False
SS13,9,Start9,Stop9,432190.43339392485,432195.4294098503,4.0,9.0,0,7.0,False
SS13,10,Start10,Stop10,432202.6501939205,432207.69579354906,4.0,11.0,0,7.0,False
SS13,11,Start11,Stop11,432215.04853492783,432220.0539051538,4.0,7.5,0,7.0,False
SS13,12,Start12,Stop12,432227.2509311225,432232.25271134824,4.0,8.5,0,7.0,False
SS13,13,Start13,Stop13,432239.4551065173,432244.4609014432,4.0,7.0,0,7.0,True
SS13,14,Start14,Stop14,432251.6674725126,432256.4686218252,4.0,8.0,0,7.0,False
SS13,15,Start15,Stop15,432263.87642300763,432268.8738862331,4.0,9.0,0,7.0,False
SS13,16,Start16,Stop16,432276.08118010237,432280.88578981534,4.0,11.0,0,7.0,False
SS13,17,Start17,Stop17,432288.2884935974,432293.29391542333,4.0,7.5,0,7.0,False
SS13,18,Start18,Stop18,432300.69617690536,432305.6979924311,4.0,8.5,0,7.0,False
SS13,19,Start19,Stop19,432312.90703470056,432317.9082652263,4.0,7.0,0,7.0,True
SS13,20,Start20,Stop20,432325.1154147956,432330.1160520213,4.0,8.0,0,7.0,False
SS13,21,Start21,Stop21,432337.3261985908,432342.32559151633,4.0,9.0,0,7.0,False
SS13,22,Start22,Stop22,432349.53049018554,432354.5335400113,4.0,11.0,0,7.0,False
SS13,23,Start23,Stop23,432361.73455968034,432366.73831130617,4.0,7.5,0,7.0,False
SS13,24,Start24,Stop24,432373.9596203764,432378.9504737014,4.0,8.5,0,7.0,False
SS14,1,Start1,Stop1,515103.36094496347,515108.3323346063,4.0,7.0,0,7.0,True
SS14,2,Start2,Stop2,515115.7339593701,515120.72263561306,4.0,8.0,0,7.0,False
SS14,3,Start3,Stop3,515127.92117847514,515132.9229039182,4.0,9.0,0,7.0,False
SS14,4,Start4,Stop4,515140.1109697802,515145.1105742233,4.0,11.0,0,7.0,False
SS14,5,Start5,Stop5,515152.3087539853,515157.31769122847,4.0,7.5,0,7.0,False
SS14,6,Start6,Stop6,515164.4970753903,515169.4945964333,4.0,8.5,0,7.0,False
SS14,7,Start7,Stop7,515176.69032379537,515181.6868005384,4.0,7.0,0,7.0,True
SS14,8,Start8,Stop8,515189.0888035022,515194.07884444523,4.0,8.0,0,7.0,False
SS14,9,Start9,Stop9,515201.27854940726,515206.27576685033,4.0,9.0,0,7.0,False
SS14,10,Start10,Stop10,515213.67323201406,515218.6675999571,4.0,11.0,0,7.0,False
SS14,11,Start11,Stop11,515225.8690085191,515230.8662137622,4.0,7.5,0,7.0,False
SS14,12,Start12,Stop12,515238.26263962593,515243.259450669,4.0,8.5,0,7.0,False
SS14,13,Start13,Stop13,515250.456408431,515255.4561424741,4.0,7.0,0,7.0,True
SS14,14,Start14,Stop14,515262.6553975361,515267.6545277792,4.0,8.0,0,7.0,False
SS14,15,Start15,Stop15,515275.0471504429,515280.04543348594,4.0,9.0,0,7.0,False
SS14,16,Start16,Stop16,515287.24697144807,515292.24213769106,4.0,11.0,0,7.0,False
SS14,17,Start17,Stop17,515299.45628805325,515304.4523583963,4.0,7.5,0,7.0,False
SS14,18,Start18,Stop18,515311.6377905582,515316.64056300133,4.0,8.5,0,7.0,False
SS14,19,Start19,Stop19,515323.83851046336,515329.03489680815,4.0,7.0,0,7.0,True
SS14,20,Start20,Stop20,515336.0302736684,515341.23807461327,4.0,8.0,0,7.0,False
SS14,21,Start21,Stop21,515348.42770067527,515353.4308217183,4.0,9.0,0,7.0,False
SS14,22,Start22,Stop22,515360.83164268214,515365.82301022514,4.0,11.0,0,7.0,False
SS14,23,Start23,Stop23,515373.0403917873,515378.02284523024,4.0,7.5,0,7.0,False
SS14,24,Start24,Stop24,515385.22014919226,515390.22829863545,4.0,8.5,0,7.0,False
SS15,1,Start1,Stop1,515610.14998656313,515615.1454532493,4.0,7.0,0,7.0,True
SS15,2,Start2,Stop2,515622.3565895736,515627.3531379598,4.0,8.0,0,7.0,False
SS15,3,Start3,Stop3,515634.5532756839,515639.7706028739,4.0,9.0,0,7.0,False
SS15,4,Start4,Stop4,515646.95959609776,515651.9507189839,4.0,11.0,0,7.0,False
SS15,5,Start5,Stop5,515659.15270400804,515664.15328309423,4.0,7.5,0,7.0,False
SS15,6,Start6,Stop6,515671.35835751845,515676.3632912048,4.0,8.5,0,7.0,False
SS15,7,Start7,Stop7,515683.5576954288,515688.7634927186,4.0,7.0,0,7.0,True
SS15,8,Start8,Stop8,515695.76370873925,515700.96906022896,4.0,8.0,0,7.0,False
SS15,9,Start9,Stop9,515708.16407125304,515713.16432643926,4.0,9.0,0,7.0,False
SS15,10,Start10,Stop10,515720.5661868669,515725.56448455306,4.0,11.0,0,7.0,False
SS15,11,Start11,Stop11,515732.76585687726,515737.77242556354,4.0,7.5,0,7.0,False
SS15,12,Start12,Stop12,515744.98115268786,515749.97138457384,4.0,8.5,0,7.0,False
SS15,13,Start13,Stop13,515757.2007347985,515762.1894501845,4.0,7.0,0,7.0,True
SS15,14,Start14,Stop14,515769.38437020854,515774.37568129465,4.0,8.0,0,7.0,False
SS15,15,Start15,Stop15,515781.77503932227,515786.77569900843,4.0,9.0,0,7.0,False
SS15,16,Start16,Stop16,515793.9795701327,515798.98088151886,4.0,11.0,0,7.0,False
SS15,17,Start17,Stop17,515806.18315434305,515811.4116919332,4.0,7.5,0,7.0,False
SS15,18,Start18,Stop18,515818.5863903569,515823.58863014315,4.0,8.5,0,7.0,False
SS16,1,Start1,Stop1,516148.9227579596,516153.92631683586,4.0,7.0,0,7.0,True
SS16,2,Start2,Stop2,516161.13849698985,516166.33096717275,4.0,8.0,0,7.0,False
SS16,3,Start3,Stop3,516173.8416115373,516178.5396256028,4.0,9.0,0,7.0,False
SS16,4,Start4,Stop4,516185.7397893564,516190.7369018324,4.0,11.0,0,7.0,False
SS16,5,Start5,Stop5,516197.93972548615,516202.9446760624,4.0,7.5,0,7.0,False
SS16,6,Start6,Stop6,516210.14500071603,516215.14765529224,4.0,8.5,0,7.0,False
SS16,7,Start7,Stop7,516222.54971675295,516227.5508497291,4.0,7.0,0,7.0,True
SS16,8,Start8,Stop8,516234.96239719016,516239.9587258662,4.0,8.0,0,7.0,False
SS16,9,Start9,Stop9,516247.16278981994,516252.3765025036,4.0,9.0,0,7.0,False
SS16,10,Start10,Stop10,516259.57683435717,516264.37112262606,4.0,11.0,0,7.0,False
SS16,11,Start11,Stop11,516271.77203298674,516276.77501666296,4.0,7.5,0,7.0,False
SS16,12,Start12,Stop12,516283.98399221693,516288.9812981929,4.0,8.5,0,7.0,False
SS16,13,Start13,Stop13,516296.1840650466,516301.1879057228,4.0,7.0,0,7.0,True
SS16,14,Start14,Stop14,516308.59743008384,516313.5918537598,4.0,8.0,0,7.0,False
SS16,15,Start15,Stop15,516320.79527991347,516325.8040323899,4.0,9.0,0,7.0,False
SS16,16,Start16,Stop16,516333.00281244353,516338.0100356199,4.0,11.0,0,7.0,False
SS16,17,Start17,Stop17,516345.4092162805,516350.40836645657,4.0,7.5,0,7.0,False
SS16,18,Start18,Stop18,516357.6116120103,516362.6188484867,4.0,8.5,0,7.0,False
SS16,19,Start19,Stop19,516369.8303562407,516374.82180481654,4.0,7.0,0,7.0,True
SS16,20,Start20,Stop20,516382.0273571703,516387.0333977466,4.0,8.0,0,7.0,False
SS16,21,Start21,Stop21,516394.0345714932,516399.23384637636,4.0,9.0,0,7.0,False
SS16,22,Start22,Stop22,516406.43837673013,516411.4418053064,4.0,11.0,0,7.0,False
SS16,23,Start23,Stop23,516418.6467098601,516423.64796763635,4.0,7.5,0,7.0,False
SS16,24,Start24,Stop24,516430.8607081904,516435.87295866694,4.0,8.5,0,7.0,False
SS17,1,Start1,Stop1,516943.7625969689,516948.76032041194,4.0,7.0,0,7.0,True
SS17,2,Start2,Stop2,516956.1725251275,516961.1682716705,4.0,8.0,0,7.0,False
SS17,3,Start3,Stop3,516968.5726855862,516973.58109942905,4.0,9.0,0,7.0,False
SS17,4,Start4,Stop4,516980.7779530471,516985.78659688996,4.0,11.0,0,7.0,False
SS17,5,Start5,Stop5,516992.9924703078,516998.1907851486,4.0,7.5,0,7.0,False
SS17,6,Start6,Stop6,517005.3915852665,517010.39791770943,4.0,8.5,0,7.0,False
SS17,7,Start7,Stop7,517017.60575892724,517022.6053645703,4.0,7.0,0,7.0,True
SS17,8,Start8,Stop8,517029.8069541882,517034.8199241311,4.0,8.0,0,7.0,False
SS17,9,Start9,Stop9,517042.021281849,517047.21550578985,4.0,9.0,0,7.0,False
SS17,10,Start10,Stop10,517054.42236840766,517059.4281269506,4.0,11.0,0,7.0,False
SS17,11,Start11,Stop11,517066.8257845663,517071.82841420925,4.0,7.5,0,7.0,False
SS17,12,Start12,Stop12,517079.0320914272,517084.0359113701,4.0,8.5,0,7.0,False
SS17,13,Start13,Stop13,517091.2505807879,517096.44183602877,4.0,7.0,0,7.0,True
SS17,14,Start14,Stop14,517103.64814684656,517108.64975858957,4.0,8.0,0,7.0,False
SS17,15,Start15,Stop15,517115.8555946075,517120.8596416504,4.0,9.0,0,7.0,False
SS17,16,Start16,Stop16,517128.05954526836,517133.26343360904,4.0,11.0,0,7.0,False
SS17,17,Start17,Stop17,517140.4696355269,517145.47023636993,4.0,7.5,0,7.0,False
SS17,18,Start18,Stop18,517152.68882148765,517157.88316912844,4.0,8.5,0,7.0,False
SS17,19,Start19,Stop19,517165.1069382461,517169.89146299154,4.0,7.0,0,7.0,True
SS17,20,Start20,Stop20,517177.0936151095,517182.0939980525,4.0,8.0,0,7.0,False
SS17,21,Start21,Stop21,517189.49616306816,517194.5000776111,4.0,9.0,0,7.0,False
SS17,22,Start22,Stop22,517201.702726329,517206.7339513716,4.0,11.0,0,7.0,False
SS17,23,Start23,Stop23,517213.9173116898,517218.91083293286,4.0,7.5,0,7.0,False
SS17,24,Start24,Stop24,517226.11518505076,517231.12470009364,4.0,8.5,0,7.0,False
SS18,1,Start1,Stop1,518342.4482368199,518347.4486566022,4.0,7.0,0,7.0,True
SS18,2,Start2,Stop2,518354.6683597879,518359.6600627706,4.0,8.0,0,7.0,False
SS18,3,Start3,Stop3,518367.0664814482,518372.0745893302,4.0,9.0,0,7.0,False
SS18,4,Start4,Stop4,518379.2738054167,518384.274722799,4.0,11.0,0,7.0,False
SS18,5,Start5,Stop5,518391.4805757854,518396.49035796727,4.0,7.5,0,7.0,False
SS18,6,Start6,Stop6,518403.892874345,518408.89162202744,4.0,8.5,0,7.0,False
SS18,7,Start7,Stop7,518416.1940790095,518421.10271569586,4.0,7.0,0,7.0,True
SS18,8,Start8,Stop8,518428.31130508205,518433.31564326416,4.0,8.0,0,7.0,False
SS18,9,Start9,Stop9,518440.52173205046,518445.7182285242,4.0,9.0,0,7.0,False
SS18,10,Start10,Stop10,518452.92812801036,518457.9321443926,4.0,11.0,0,7.0,False
SS18,11,Start11,Stop11,518465.135306279,518470.13639756123,4.0,7.5,0,7.0,False
SS18,12,Start12,Stop12,518477.3443800475,518482.39158102777,4.0,8.5,0,7.0,False
SS18,13,Start13,Stop13,518489.55046871613,518494.5528388984,4.0,7.0,0,7.0,True
SS18,14,Start14,Stop14,518501.75634208473,518506.7643277668,4.0,8.0,0,7.0,False
SS18,15,Start15,Stop15,518513.9678749531,518518.9938117343,4.0,9.0,0,7.0,False
SS18,16,Start16,Stop16,518526.17460362177,518531.37870109524,4.0,11.0,0,7.0,False
SS18,17,Start17,Stop17,518538.58879198134,518543.60156056314,4.0,7.5,0,7.0,False
SS18,18,Start18,Stop18,518550.79736254987,518555.7947545323,4.0,8.5,0,7.0,False
SS18,19,Start19,Stop19,518562.99874641874,518568.00419790077,4.0,7.0,0,7.0,True
SS18,20,Start20,Stop20,518575.2066488873,518580.20736756956,4.0,8.0,0,7.0,False
SS18,21,Start21,Stop21,518587.4197369556,518592.4228655378,4.0,9.0,0,7.0,False
SS18,22,Start22,Stop22,518599.8254189155,518604.8299710977,4.0,11.0,0,7.0,False
SS18,23,Start23,Stop23,518612.035384484,518617.0529650656,4.0,7.5,0,7.0,False
SS18,24,Start24,Stop24,518624.23586525285,518629.241492035,4.0,8.5,0,7.0,False
SS19,1,Start1,Stop1,518790.0308007847,518794.8372581718,4.0,7.0,0,7.0,True
SS19,2,Start2,Stop2,518802.2574400062,518807.2425322966,4.0,8.0,0,7.0,False
SS19,3,Start3,Stop3,518814.44824062707,518819.4518914177,4.0,9.0,0,7.0,False
SS19,4,Start4,Stop4,518826.8691528521,518831.6740943391,4.0,11.0,0,7.0,False
SS19,5,Start5,Stop5,518839.0842522734,518844.06742546364,4.0,7.5,0,7.0,False
SS19,6,Start6,Stop6,518851.27345479414,518856.2750963848,4.0,8.5,0,7.0,False
SS19,7,Start7,Stop7,518863.4800186153,518868.483183606,4.0,7.0,0,7.0,True
SS19,8,Start8,Stop8,518875.68611093645,518880.6998071273,4.0,8.0,0,7.0,False
SS19,9,Start9,Stop9,518887.9033526578,518892.89759054827,4.0,9.0,0,7.0,False
SS19,10,Start10,Stop10,518900.1044209788,518905.1051679694,4.0,11.0,0,7.0,False
SS19,11,Start11,Stop11,518912.52012950374,518917.51326169417,4.0,7.5,0,7.0,False
SS19,12,Start12,Stop12,518924.71604982467,518929.73232151556,4.0,8.5,0,7.0,False
SS19,13,Start13,Stop13,518936.92583114584,518941.9451378368,4.0,7.0,0,7.0,True
SS19,14,Start14,Stop14,518949.132793867,518954.14073185774,4.0,8.0,0,7.0,False
SS19,15,Start15,Stop15,518961.3464006883,518966.34658547887,4.0,9.0,0,7.0,False
SS19,16,Start16,Stop16,518973.55342130945,518978.75412060367,4.0,11.0,0,7.0,False
SS19,17,Start17,Stop17,518985.97363963444,518990.9814896252,4.0,7.5,0,7.0,False
SS19,18,Start18,Stop18,518998.16831895534,519002.9852565426,4.0,8.5,0,7.0,False
SS19,19,Start19,Stop19,519010.3740126765,519015.18572946364,4.0,7.0,0,7.0,True
SS19,20,Start20,Stop20,519022.58198009763,519027.3882895847,4.0,8.0,0,7.0,False
SS19,21,Start21,Stop21,519034.59470381524,519039.79996390955,4.0,9.0,0,7.0,False
SS19,22,Start22,Stop22,519047.00317964004,519052.0124766308,4.0,11.0,0,7.0,False
SS19,23,Start23,Stop23,519059.21129846125,519064.21410815185,4.0,7.5,0,7.0,False
SS19,24,Start24,Stop24,519071.4202815824,519076.44630517345,4.0,8.5,0,7.0,False
SS20,1,Start1,Stop1,3865.655987918097,3870.684076182201,4.0,7.0,0,7.0,True
SS20,2,Start2,Stop2,3877.4615656686087,3882.462358332365,4.0,8.0,0,7.0,False
SS20,3,Start3,Stop3,3889.066684816565,3894.0691280803426,4.0,9.0,0,7.0,False
SS20,4,Start4,Stop4,3900.8731121670876,3905.6762681283244,4.0,11.0,0,7.0,False
SS20,5,Start5,Stop5,3912.288225212622,3917.285859776338,4.0,7.5,0,7.0,False
SS20,6,Start6,Stop6,3923.8902092605385,3929.0879662268057,4.0,8.5,0,7.0,False
SS20,7,Start7,Stop7,3935.691620510997,3940.6957754747964,4.0,7.0,0,7.0,True
SS20,8,Start8,Stop8,3947.3046178590544,3952.3041877227947,4.0,8.0,0,7.0,False
SS20,9,Start9,Stop9,3959.107821109536,3964.1113056733266,4.0,9.0,0,7.0,False
SS20,10,Start10,Stop10,3970.714564757513,3975.918091423854,4.0,11.0,0,7.0,False
SS20,11,Start11,Stop11,3982.526206108102,3987.5276492718667,4.0,7.5,0,7.0,False
SS20,12,Start12,Stop12,3994.130909856053,3999.137830619888,4.0,8.5,0,7.0,False
SS20,13,Start13,Stop13,4005.73919400405,4010.745660067879,4.0,7.0,0,7.0,True
SS20,14,Start14,Stop14,4017.15399824958,4022.3576145159223,4.0,8.0,0,7.0,False
SS20,15,Start15,Stop15,4028.9572734000626,4033.9621511638716,4.0,9.0,0,7.0,False
SS20,16,Start16,Stop16,4040.7606833505474,4045.7642206143387,4.0,11.0,0,7.0,False
SS20,17,Start17,Stop17,4052.3763694986383,4057.3775356623996,4.0,7.5,0,7.0,False
SS20,18,Start18,Stop18,4063.97872834656,4068.9806146103297,4.0,8.5,0,7.0,False
SS20,19,Start19,Stop19,4075.586029294544,4080.589082658329,4.0,7.0,0,7.0,True
SS20,20,Start20,Stop20,4087.1934265425293,4092.1957127063047,4.0,8.0,0,7.0,False
SS20,21,Start21,Stop21,4098.999408893046,4104.0024150568315,4.0,9.0,0,7.0,False
SS20,22,Start22,Stop22,4110.609969441072,4115.609057004807,4.0,11.0,0,7.0,False
SS20,23,Start23,Stop23,4122.213006289003,4127.216944652799,4.0,7.5,0,7.0,False
SS20,24,Start24,Stop24,4133.836671737195,4138.821105900743,4.0,8.5,0,7.0,False
SS21,1,Start1,Stop1,4287.029905769392,4292.036503238572,4.0,7.0,0,7.0,True
SS21,2,Start2,Stop2,4298.64086972983,4303.6436985989585,4.0,8.0,0,7.0,False
SS21,3,Start3,Stop3,4310.441488092889,4315.250662859341,4.0,9.0,0,7.0,False
SS21,4,Start4,Stop4,4322.051789753318,4327.05416792244,4.0,11.0,0,7.0,False
SS21,5,Start5,Stop5,4333.658450513697,4338.473204180226,4.0,7.5,0,7.0,False
SS21,6,Start6,Stop6,4345.069627571374,4350.26838064321,4.0,8.5,0,7.0,False
SS21,7,Start7,Stop7,4356.871565134452,4361.87801140363,4.0,7.0,0,7.0,True
SS21,8,Start8,Stop8,4368.4959788950755,4373.492929964123,4.0,8.0,0,7.0,False
SS21,9,Start9,Stop9,4380.288758658026,4385.293516727182,4.0,9.0,0,7.0,False
SS21,10,Start10,Stop10,4392.094208121152,4397.098326390298,4.0,11.0,0,7.0,False
SS21,11,Start11,Stop11,4403.701248181536,4408.714505650808,4.0,7.5,0,7.0,False
SS21,12,Start12,Stop12,4415.313468241992,4420.312727511071,4.0,8.5,0,7.0,False
SS21,13,Start13,Stop13,4427.1138475050475,4432.120909674234,4.0,7.0,0,7.0,True
SS21,14,Start14,Stop14,4438.720410265425,4443.734366234707,4.0,8.0,0,7.0,False
SS21,15,Start15,Stop15,4450.331796425869,4455.335459395009,4.0,9.0,0,7.0,False
SS21,16,Start16,Stop16,4461.939634686265,4466.943111755401,4.0,11.0,0,7.0,False
SS21,17,Start17,Stop17,4473.554547246757,4478.5527475158215,4.0,7.5,0,7.0,False
SS21,18,Start18,Stop18,4485.153827107034,4490.1578840761795,4.0,8.5,0,7.0,False
SS21,19,Start19,Stop19,4496.765159567477,4501.7640899365515,4.0,7.0,0,7.0,True
SS21,20,Start20,Stop20,4508.371717227855,4513.383005297101,4.0,8.0,0,7.0,False
SS21,21,Start21,Stop21,4519.9824624882895,4525.183362960155,4.0,9.0,0,7.0,False
SS21,22,Start22,Stop22,4531.7866302513985,4536.598259317884,4.0,11.0,0,7.0,False
SS21,23,Start23,Stop23,4543.202089409135,4548.204038478251,4.0,7.5,0,7.0,False
SS21,24,Start24,Stop24,4554.806134669478,4559.810983538634,4.0,8.5,0,7.0,False
SS22,1,Start1,Stop1,7089.222083446176,7094.2204034373935,4.0,7.0,0,7.0,True
SS22,2,Start2,Stop2,7100.818133193801,7105.818490884975,4.0,8.0,0,7.0,False
SS22,3,Start3,Stop3,7112.424057441212,7117.421926032439,4.0,9.0,0,7.0,False
SS22,4,Start4,Stop4,7123.815425393292,7129.013583780161,4.0,11.0,0,7.0,False
SS22,5,Start5,Stop5,7135.905051330176,7140.61630422764,4.0,7.5,0,7.0,False
SS22,6,Start6,Stop6,7147.01825998831,7152.0132435795995,4.0,8.5,0,7.0,False
SS22,7,Start7,Stop7,7158.613753935948,7163.421463831313,4.0,7.0,0,7.0,True
SS22,8,Start8,Stop8,7170.015358587805,7175.014076879013,4.0,8.0,0,7.0,False
SS22,9,Start9,Stop9,7181.617508835298,7186.614988126534,4.0,9.0,0,7.0,False
SS22,10,Start10,Stop10,7193.218292282821,7198.221055173942,4.0,11.0,0,7.0,False
SS22,11,Start11,Stop11,7204.8136625304605,7209.814021921634,4.0,7.5,0,7.0,False
SS22,12,Start12,Stop12,7216.215562282311,7221.215689373489,4.0,8.5,0,7.0,False
SS22,13,Start13,Stop13,7227.81418152988,7232.81606922102,4.0,7.0,0,7.0,True
SS22,14,Start14,Stop14,7239.216096981731,7244.417936068519,4.0,8.0,0,7.0,False
SS22,15,Start15,Stop15,7250.81618322927,7256.0191772160315,4.0,9.0,0,7.0,False
SS22,16,Start16,Stop16,7262.625840172246,7267.615252863658,4.0,11.0,0,7.0,False
SS22,17,Start17,Stop17,7274.024426924168,7279.033857715145,4.0,7.5,0,7.0,False
SS22,18,Start18,Stop18,7285.42169507612,7290.421083967315,4.0,8.5,0,7.0,False
SS22,19,Start19,Stop19,7297.024562623597,7302.019385914891,4.0,7.0,0,7.0,True
SS22,20,Start20,Stop20,7308.422425275537,7313.421330366742,4.0,8.0,0,7.0,False
SS22,21,Start21,Stop21,7320.021669323092,7325.022959414246,4.0,9.0,0,7.0,False
SS22,22,Start22,Stop22,7331.422866874958,7336.426933066052,4.0,11.0,0,7.0,False
SS22,23,Start23,Stop23,7343.232339117939,7348.034103413434,4.0,7.5,0,7.0,False
SS22,24,Start24,Stop24,7354.629169369901,7359.632328561012,4.0,8.5,0,7.0,False
SS23,1,Start1,Stop1,352990.1256871451,352995.1264856328,4.0,7.0,0,7.0,True
SS23,2,Start2,Stop2,353001.73240381666,353006.7154166045,4.0,8.0,0,7.0,False
SS23,3,Start3,Stop3,353013.5077578878,353018.51891787554,4.0,9.0,0,7.0,False
SS23,4,Start4,Stop4,353025.1074787594,353030.1007041472,4.0,11.0,0,7.0,False
SS23,5,Start5,Stop5,353036.89629473054,353041.71822441876,4.0,7.5,0,7.0,False
SS23,6,Start6,Stop6,353048.29094030266,353053.2876406904,4.0,8.5,0,7.0,False
SS23,7,Start7,Stop7,353060.09099037375,353065.07948666153,4.0,7.0,0,7.0,True
SS23,8,Start8,Stop8,353071.6761689454,353076.6938036331,4.0,8.0,0,7.0,False
SS23,9,Start9,Stop9,353083.270533017,353088.30451000464,4.0,9.0,0,7.0,False
SS23,10,Start10,Stop10,353094.86743588856,353100.0661860759,4.0,11.0,0,7.0,False
SS23,11,Start11,Stop11,353106.6596829597,353111.46185074793,4.0,7.5,0,7.0,False
SS23,12,Start12,Stop12,353118.2601567313,353123.0552792196,4.0,8.5,0,7.0,False
SS23,13,Start13,Stop13,353129.6556560034,353134.8485047907,4.0,7.0,0,7.0,True
SS23,14,Start14,Stop14,353141.4512239745,353146.44733236235,4.0,8.0,0,7.0,False
SS23,15,Start15,Stop15,353153.04727164615,353158.0410981339,4.0,9.0,0,7.0,False
SS23,16,Start16,Stop16,353164.85561581724,353169.66641980543,4.0,11.0,0,7.0,False
SS23,17,Start17,Stop17,353176.43506748887,353181.4402925766,4.0,7.5,0,7.0,False
SS23,18,Start18,Stop18,353188.0358588605,353193.0354947482,4.0,8.5,0,7.0,False
SS23,19,Start19,Stop19,353199.63059313205,353204.63304061984,4.0,7.0,0,7.0,True
SS23,20,Start20,Stop20,353211.23823430366,353216.2253667914,4.0,8.0,0,7.0,False
SS23,21,Start21,Stop21,353222.8230961753,353227.83520536305,4.0,9.0,0,7.0,False
SS23,22,Start22,Stop22,353234.4248998469,353239.4209392346,4.0,11.0,0,7.0,False
SS23,23,Start23,Stop23,353246.0221755185,353251.0251167062,4.0,7.5,0,7.0,False
SS23,24,Start24,Stop24,353257.8272850896,353262.81629637734,4.0,8.5,0,7.0,False
SS24,1,Start1,Stop1,353795.3347245578,353800.330060673,4.0,7.0,0,7.0,True
SS24,2,Start2,Stop2,353806.94956259313,353811.9310740083,4.0,8.0,0,7.0,False
SS24,3,Start3,Stop3,353818.53164292837,353823.53384844353,4.0,9.0,0,7.0,False
SS24,4,Start4,Stop4,353830.13617376366,353835.1347310788,4.0,11.0,0,7.0,False
SS24,5,Start5,Stop5,353841.94311149954,353846.9484724148,4.0,7.5,0,7.0,False
SS24,6,Start6,Stop6,353853.7395054354,353858.53728775,4.0,8.5,0,7.0,False
SS24,7,Start7,Stop7,353865.1399432701,353870.1373045853,4.0,7.0,0,7.0,True
SS24,8,Start8,Stop8,353876.94462420593,353881.94125082117,4.0,8.0,0,7.0,False
SS24,9,Start9,Stop9,353888.55442014127,353893.54081085644,4.0,9.0,0,7.0,False
SS24,10,Start10,Stop10,353900.1436880765,353905.3792107924,4.0,11.0,0,7.0,False
SS24,11,Start11,Stop11,353911.9432422124,353916.9458002276,4.0,7.5,0,7.0,False
SS24,12,Start12,Stop12,353923.5474967477,353928.5601673629,4.0,8.5,0,7.0,False
SS24,13,Start13,Stop13,353935.3559308836,353940.35262369877,4.0,7.0,0,7.0,True
SS24,14,Start14,Stop14,353946.95292721887,353951.95427273406,4.0,8.0,0,7.0,False
SS24,15,Start15,Stop15,353958.56215575413,353963.66237676964,4.0,9.0,0,7.0,False
SS24,16,Start16,Stop16,353970.36476399004,353975.3609941053,4.0,11.0,0,7.0,False
SS24,17,Start17,Stop17,353982.0451818256,353986.7695031399,4.0,7.5,0,7.0,False
SS24,18,Start18,Stop18,353993.5790752606,353998.3705940752,4.0,8.5,0,7.0,False
SS24,19,Start19,Stop19,354005.1704001959,354010.17156271107,4.0,7.0,0,7.0,True
SS24,20,Start20,Stop20,354016.7753996312,354021.77932674636,4.0,8.0,0,7.0,False
SS24,21,Start21,Stop21,354028.3955840665,354033.3814127816,4.0,9.0,0,7.0,False
SS24,22,Start22,Stop22,354039.9814056017,354044.985121117,4.0,11.0,0,7.0,False
SS24,23,Start23,Stop23,354051.586652437,354056.59156055225,4.0,7.5,0,7.0,False
SS24,24,Start24,Stop24,354063.1900290723,354068.1915280875,4.0,8.5,0,7.0,False
SS25,1,Start1,Stop1,354988.40471218666,354993.3957674268,4.0,7.0,0,7.0,True
SS25,2,Start2,Stop2,354999.99711927975,355005.0003610199,4.0,8.0,0,7.0,False
SS25,3,Start3,Stop3,355011.5975625729,355016.598308613,4.0,9.0,0,7.0,False
SS25,4,Start4,Stop4,355023.195027766,355028.19735740614,4.0,11.0,0,7.0,False
SS25,5,Start5,Stop5,355034.99853046075,355039.9994097009,4.0,7.5,0,7.0,False
SS25,6,Start6,Stop6,355046.6086320539,355051.7967663956,4.0,8.5,0,7.0,False
SS25,7,Start7,Stop7,355058.39649504854,355063.39949628874,4.0,7.0,0,7.0,True
SS25,8,Start8,Stop8,355069.9971364417,355075.0024428819,4.0,8.0,0,7.0,False
SS25,9,Start9,Stop9,355081.8039352365,355086.8087695766,4.0,9.0,0,7.0,False
SS25,10,Start10,Stop10,355093.4048908296,355098.3990539697,4.0,11.0,0,7.0,False
SS25,11,Start11,Stop11,355105.0006399227,355109.9992877628,4.0,7.5,0,7.0,False
SS25,12,Start12,Stop12,355116.61151251587,355121.605833356,4.0,8.5,0,7.0,False
SS25,13,Start13,Stop13,355128.20248690894,355133.20168514905,4.0,7.0,0,7.0,True
SS25,14,Start14,Stop14,355139.80704630207,355144.8166422423,4.0,8.0,0,7.0,False
SS25,15,Start15,Stop15,355151.4059767952,355156.4052392353,4.0,9.0,0,7.0,False
SS25,16,Start16,Stop16,355163.0065830883,355168.3415784311,4.0,11.0,0,7.0,False
SS25,17,Start17,Stop17,355174.8134917831,355179.8082219232,4.0,7.5,0,7.0,False
SS25,18,Start18,Stop18,355186.41539187625,355191.41438821633,4.0,8.5,0,7.0,False
SS25,19,Start19,Stop19,355198.0207140694,355203.01697760954,4.0,7.0,0,7.0,True
SS25,20,Start20,Stop20,355209.6186270625,355214.6171236026,4.0,8.0,0,7.0,False
SS25,21,Start21,Stop21,355221.2186134556,355226.21963649575,4.0,9.0,0,7.0,False
SS25,22,Start22,Stop22,355232.8330541489,355237.8217694889,4.0,11.0,0,7.0,False
SS25,23,Start23,Stop23,355244.4244249419,355249.42888198205,4.0,7.5,0,7.0,False
SS25,24,Start24,Stop24,355256.027025035,355261.0464367753,4.0,8.5,0,7.0,False
SS26,1,Start1,Stop1,355426.62950917555,355431.5990365707,4.0,7.0,0,7.0,True
SS26,2,Start2,Stop2,355438.40632196417,355443.39818285935,4.0,8.0,0,7.0,False
SS26,3,Start3,Stop3,355450.00253065303,355455.0977749481,4.0,9.0,0,7.0,False
SS26,4,Start4,Stop4,355461.81657064165,355466.81939373683,4.0,11.0,0,7.0,False
SS26,5,Start5,Stop5,355473.4154840305,355478.41562522564,4.0,7.5,0,7.0,False
SS26,6,Start6,Stop6,355485.21519631916,355490.2182617143,4.0,8.5,0,7.0,False
SS26,7,Start7,Stop7,355496.82452090795,355501.82864550315,4.0,7.0,0,7.0,True
SS26,8,Start8,Stop8,355508.4338351968,355513.430285692,4.0,8.0,0,7.0,False
SS26,9,Start9,Stop9,355520.23562028544,355525.2347062806,4.0,9.0,0,7.0,False
SS26,10,Start10,Stop10,355531.84923737426,355536.8401254695,4.0,11.0,0,7.0,False
SS26,11,Start11,Stop11,355543.4430424631,355548.4503297583,4.0,7.5,0,7.0,False
SS26,12,Start12,Stop12,355555.047089652,355560.05302854715,4.0,8.5,0,7.0,False
SS26,13,Start13,Stop13,355566.6725803407,355571.65769843594,4.0,7.0,0,7.0,True
SS26,14,Start14,Stop14,355578.26045102964,355583.26574992476,4.0,8.0,0,7.0,False
SS26,15,Start15,Stop15,355589.6643276186,355594.8641497136,4.0,9.0,0,7.0,False
SS26,16,Start16,Stop16,355601.47693900723,355606.47745030245,4.0,11.0,0,7.0,False
SS26,17,Start17,Stop17,355613.07513039606,355618.0772553913,4.0,7.5,0,7.0,False
SS26,18,Start18,Stop18,355624.48182678514,355629.68273488013,4.0,8.5,0,7.0,False
SS26,19,Start19,Stop19,355636.29604257375,355641.29015336896,4.0,7.0,0,7.0,True
SS26,20,Start20,Stop20,355647.8915443626,355652.89409115777,4.0,8.0,0,7.0,False
SS26,21,Start21,Stop21,355659.6998599512,355664.7111071464,4.0,9.0,0,7.0,False
SS26,22,Start22,Stop22,355671.3046766401,355676.30808393523,4.0,11.0,0,7.0,False
SS26,23,Start23,Stop23,355683.1090017287,355687.91152042407,4.0,7.5,0,7.0,False
SS26,24,Start24,Stop24,355694.79720201745,355699.7165746127,4.0,8.5,0,7.0,False
SS27,1,Start1,Stop1,355803.8831785018,355808.88496889354,4.0,7.0,0,7.0,True
SS27,2,Start2,Stop2,355815.49761421484,355820.4935300065,4.0,8.0,0,7.0,False
SS27,3,Start3,Stop3,355827.2965255313,355832.296180723,4.0,9.0,0,7.0,False
SS27,4,Start4,Stop4,355838.9009686441,355843.90296233585,4.0,11.0,0,7.0,False
SS27,5,Start5,Stop5,355850.5164337572,355855.5100761488,4.0,7.5,0,7.0,False
SS27,6,Start6,Stop6,355862.11000796984,355867.11340506165,4.0,8.5,0,7.0,False
SS27,7,Start7,Stop7,355873.7213023828,355878.72453147464,4.0,7.0,0,7.0,True
SS27,8,Start8,Stop8,355885.3380624959,355890.32880028745,4.0,8.0,0,7.0,False
SS27,9,Start9,Stop9,355896.9274511085,355901.9308045003,4.0,9.0,0,7.0,False
SS27,10,Start10,Stop10,355908.53664312145,355913.53803071316,4.0,11.0,0,7.0,False
SS27,11,Start11,Stop11,355920.1495363345,355925.3433415297,4.0,7.5,0,7.0,False
SS27,12,Start12,Stop12,355931.9491137509,355936.95056894264,4.0,8.5,0,7.0,False
SS27,13,Start13,Stop13,355943.55362586374,355948.5602783556,4.0,7.0,0,7.0,True
SS27,14,Start14,Stop14,355955.17186987685,355960.19822836906,4.0,8.0,0,7.0,False
SS27,15,Start15,Stop15,355966.76539138955,355971.76859908126,4.0,9.0,0,7.0,False
SS27,16,Start16,Stop16,355978.3729802025,355983.3766436942,4.0,11.0,0,7.0,False
SS27,17,Start17,Stop17,355989.98714391544,355994.9815890071,4.0,7.5,0,7.0,False
SS27,18,Start18,Stop18,356001.5855274282,356006.59010272,4.0,8.5,0,7.0,False
SS27,19,Start19,Stop19,356013.19352844113,356018.19478053285,4.0,7.0,0,7.0,True
SS27,20,Start20,Stop20,356024.8106068542,356029.8008046458,4.0,8.0,0,7.0,False
SS27,21,Start21,Stop21,356036.408520267,356041.4116923588,4.0,9.0,0,7.0,False
SS27,22,Start22,Stop22,356048.0142503798,356053.01447977155,4.0,11.0,0,7.0,False
SS27,23,Start23,Stop23,356059.6207791928,356064.6187194844,4.0,7.5,0,7.0,False
SS27,24,Start24,Stop24,356071.2245203056,356076.2295545974,4.0,8.5,0,7.0,False
SS28,1,Start1,Stop1,358325.16908678564,358330.1001626489,4.0,7.0,0,7.0,True
SS28,2,Start2,Stop2,358336.9020667742,358341.8925182395,4.0,8.0,0,7.0,False
SS28,3,Start3,Stop3,358348.5071747586,358353.68176552997,4.0,9.0,0,7.0,False
SS28,4,Start4,Stop4,358360.28237704857,358365.2877362144,4.0,11.0,0,7.0,False
SS28,5,Start5,Stop5,358371.8854109329,358376.9129219994,4.0,7.5,0,7.0,False
SS28,6,Start6,Stop6,358383.65910672286,358388.6642242886,4.0,8.5,0,7.0,False
SS28,7,Start7,Stop7,358395.288600308,358400.2497956723,4.0,7.0,0,7.0,True
SS28,8,Start8,Stop8,358406.8577906912,358411.8490904565,4.0,8.0,0,7.0,False
SS28,9,Start9,Stop9,358418.6382930814,358423.6359260469,4.0,9.0,0,7.0,False
SS28,10,Start10,Stop10,358430.2337332655,358435.23410173104,4.0,11.0,0,7.0,False
SS28,11,Start11,Stop11,358442.02768895606,358447.02693022165,4.0,7.5,0,7.0,False
SS28,12,Start12,Stop12,358453.62015624,358458.6197021056,4.0,8.5,0,7.0,False
SS28,13,Start13,Stop13,358465.4148351307,358470.4263723967,4.0,7.0,0,7.0,True
SS28,14,Start14,Stop14,358477.01797601493,358482.03061598097,4.0,8.0,0,7.0,False
SS28,15,Start15,Stop15,358488.6070938988,358493.60624446435,4.0,9.0,0,7.0,False
SS28,16,Start16,Stop16,358500.20809448307,358505.2040714485,4.0,11.0,0,7.0,False
SS28,17,Start17,Stop17,358511.99798437353,358516.99497823906,4.0,7.5,0,7.0,False
SS28,18,Start18,Stop18,358523.5962806577,358528.59335892316,4.0,8.5,0,7.0,False
SS28,19,Start19,Stop19,358535.19739494193,358540.1935191074,4.0,7.0,0,7.0,True
SS28,20,Start20,Stop20,358546.79035752587,358551.7833047912,4.0,8.0,0,7.0,False
SS28,21,Start21,Stop21,358558.38623040996,358563.3855411755,4.0,9.0,0,7.0,False
SS28,22,Start22,Stop22,358570.19600350107,358575.1901451665,4.0,11.0,0,7.0,False
SS28,23,Start23,Stop23,358581.77596778463,358586.7835851505,4.0,7.5,0,7.0,False
SS28,24,Start24,Stop24,358593.38849046925,358598.37666623446,4.0,8.5,0,7.0,False
SS29,1,Start1,Stop1,358797.9944218887,358802.99861067405,4.0,7.0,0,7.0,True
SS29,2,Start2,Stop2,358809.6162513547,358814.5934549401,4.0,8.0,0,7.0,False
SS29,3,Start3,Stop3,358821.1973491208,358826.20225670614,4.0,9.0,0,7.0,False
SS29,4,Start4,Stop4,358832.9933091863,358837.9970959716,4.0,11.0,0,7.0,False
SS29,5,Start5,Stop5,358844.5990473523,358849.6027631377,4.0,7.5,0,7.0,False
SS29,6,Start6,Stop6,358856.1930679184,358861.19245850376,4.0,8.5,0,7.0,False
SS29,7,Start7,Stop7,358867.82770658436,358872.7954265698,4.0,7.0,0,7.0,True
SS29,8,Start8,Stop8,358879.3964338505,358884.3941833359,4.0,8.0,0,7.0,False
SS29,9,Start9,Stop9,358890.99514171656,358895.9933533019,4.0,9.0,0,7.0,False
SS29,10,Start10,Stop10,358902.796695282,358907.8061011674,4.0,11.0,0,7.0,False
SS29,11,Start11,Stop11,358914.403009448,358919.39834543347,4.0,7.5,0,7.0,False
SS29,12,Start12,Stop12,358925.9945303141,358931.00021199946,4.0,8.5,0,7.0,False
SS29,13,Start13,Stop13,358937.6028628801,358942.6042562655,4.0,7.0,0,7.0,True
SS29,14,Start14,Stop14,358949.2063023462,358954.1973888316,4.0,8.0,0,7.0,False
SS29,15,Start15,Stop15,358960.80422431225,358965.79742149764,4.0,9.0,0,7.0,False
SS29,16,Start16,Stop16,358972.59766287776,358977.5962504631,4.0,11.0,0,7.0,False
SS29,17,Start17,Stop17,358984.2004292438,358989.20973382914,4.0,7.5,0,7.0,False
SS29,18,Start18,Stop18,358995.8041184098,359000.7995045952,4.0,8.5,0,7.0,False
SS29,19,Start19,Stop19,359007.40009817586,359012.39972356125,4.0,7.0,0,7.0,True
SS29,20,Start20,Stop20,359019.0108356419,359024.0023447273,4.0,8.0,0,7.0,False
SS29,21,Start21,Stop21,359030.60898790794,359035.6080689933,4.0,9.0,0,7.0,False
SS29,22,Start22,Stop22,359042.211119374,359047.2078399594,4.0,11.0,0,7.0,False
SS29,23,Start23,Stop23,359054.00546573946,359059.01002062485,4.0,7.5,0,7.0,False
SS29,24,Start24,Stop24,359065.60764850554,359070.6172781909,4.0,8.5,0,7.0,False
SS30,1,Start1,Stop1,492242.14211470634,492247.1311969275,4.0,7.0,0,7.0,True
SS30,2,Start2,Stop2,492253.92477975634,492258.72467957676,4.0,8.0,0,7.0,False
SS30,3,Start3,Stop3,492265.5446357057,492270.5259566269,4.0,9.0,0,7.0,False
SS30,4,Start4,Stop4,492277.12508445495,492282.1223048762,4.0,11.0,0,7.0,False
SS30,5,Start5,Stop5,492288.71834290423,492293.7167298255,4.0,7.5,0,7.0,False
SS30,6,Start6,Stop6,492300.3195293535,492305.5173388756,4.0,8.5,0,7.0,False
SS30,7,Start7,Stop7,492312.11451900366,492317.1072857249,4.0,7.0,0,7.0,True
SS30,8,Start8,Stop8,492323.70802235295,492328.7041245742,4.0,8.0,0,7.0,False
SS30,9,Start9,Stop9,492335.5383015032,492340.5000393243,4.0,9.0,0,7.0,False
SS30,10,Start10,Stop10,492347.10830155236,492352.1046166736,4.0,11.0,0,7.0,False
SS30,11,Start11,Stop11,492358.69793720165,492363.6989902229,4.0,7.5,0,7.0,False
SS30,12,Start12,Stop12,492370.53599225194,492375.50073937303,4.0,8.5,0,7.0,False
SS30,13,Start13,Stop13,492382.0937485011,492387.0935599223,4.0,7.0,0,7.0,True
SS30,14,Start14,Stop14,492393.7081261504,492398.69152927154,4.0,8.0,0,7.0,False
SS30,15,Start15,Stop15,492405.29955269967,492410.28834782087,4.0,9.0,0,7.0,False
SS30,16,Start16,Stop16,492417.0985014498,492422.09293107106,4.0,11.0,0,7.0,False
SS30,17,Start17,Stop17,492428.6880337991,492433.6834684203,4.0,7.5,0,7.0,False
SS30,18,Start18,Stop18,492440.28473494836,492445.2843151696,4.0,8.5,0,7.0,False
SS30,19,Start19,Stop19,492451.8860475976,492456.8852045189,4.0,7.0,0,7.0,True
SS30,20,Start20,Stop20,492463.68619244784,492468.6974338691,4.0,8.0,0,7.0,False
SS30,21,Start21,Stop21,492475.28945009713,492480.2799596183,4.0,9.0,0,7.0,False
SS30,22,Start22,Stop22,492487.08860464726,492492.0850318685,4.0,11.0,0,7.0,False
SS30,23,Start23,Stop23,492498.68101719656,492503.6795856178,4.0,7.5,0,7.0,False
SS30,24,Start24,Stop24,492510.28194244584,492515.2861167671,4.0,8.5,0,7.0,False
SS31,1,Start1,Stop1,492786.06415026146,492791.01807690976,4.0,7.0,0,7.0,True
SS31,2,Start2,Stop2,492797.6214718742,492802.6310535231,4.0,8.0,0,7.0,False
SS31,3,Start3,Stop3,492809.2224662874,492814.2250141362,4.0,9.0,0,7.0,False
SS31,4,Start4,Stop4,492820.8245788006,492826.0231232513,4.0,11.0,0,7.0,False
SS31,5,Start5,Stop5,492832.6331131158,492837.62396896444,4.0,7.5,0,7.0,False
SS31,6,Start6,Stop6,492844.22575792886,492849.22649337765,4.0,8.5,0,7.0,False
SS31,7,Start7,Stop7,492856.029007644,492861.0275722928,4.0,7.0,0,7.0,True
SS31,8,Start8,Stop8,492867.62657215714,492872.62874540593,4.0,8.0,0,7.0,False
SS31,9,Start9,Stop9,492879.23266847036,492884.2406602193,4.0,9.0,0,7.0,False
SS31,10,Start10,Stop10,492890.8361070836,492895.8434042324,4.0,11.0,0,7.0,False
SS31,11,Start11,Stop11,492902.4353332967,492907.4339663455,4.0,7.5,0,7.0,False
SS31,12,Start12,Stop12,492914.2439513119,492919.2362045607,4.0,8.5,0,7.0,False
SS31,13,Start13,Stop13,492925.835316525,492930.8359231738,4.0,7.0,0,7.0,True
SS31,14,Start14,Stop14,492937.4382456382,492942.437413187,4.0,8.0,0,7.0,False
SS31,15,Start15,Stop15,492949.0647316516,492954.04003150016,4.0,9.0,0,7.0,False
SS31,16,Start16,Stop16,492960.64875886467,492965.6522101135,4.0,11.0,0,7.0,False
SS31,17,Start17,Stop17,492972.4063544793,492977.4457549285,4.0,7.5,0,7.0,False
SS31,18,Start18,Stop18,492984.04785859294,492989.0619844419,4.0,8.5,0,7.0,False
SS31,19,Start19,Stop19,492995.8558238082,493000.6510620549,4.0,7.0,0,7.0,True
SS31,20,Start20,Stop20,493007.25324541936,493012.25317676814,4.0,8.0,0,7.0,False
SS31,21,Start21,Stop21,493018.8549445325,493024.05809088325,4.0,9.0,0,7.0,False
SS31,22,Start22,Stop22,493030.6732894478,493035.66095709644,4.0,11.0,0,7.0,False
SS31,23,Start23,Stop23,493042.2621973609,493047.46727391164,4.0,7.5,0,7.0,False
SS31,24,Start24,Stop24,493054.063555776,493059.0681030248,4.0,8.5,0,7.0,False
SS32,1,Start1,Stop1,493188.8937628993,493193.9045922302,4.0,7.0,0,7.0,True
SS32,2,Start2,Stop2,493200.5093219028,493205.4974858332,4.0,8.0,0,7.0,False
SS32,3,Start3,Stop3,493212.1330408066,493217.1072643366,4.0,9.0,0,7.0,False
SS32,4,Start4,Stop4,493223.9101129144,493228.9048982449,4.0,11.0,0,7.0,False
SS32,5,Start5,Stop5,493235.51056811755,493240.51504844835,4.0,7.5,0,7.0,False
SS32,6,Start6,Stop6,493247.31132312596,493252.3140523567,4.0,8.5,0,7.0,False
SS32,7,Start7,Stop7,493259.1341680349,493264.11937526515,4.0,7.0,0,7.0,True
SS32,8,Start8,Stop8,493270.7204354377,493275.7257368685,4.0,8.0,0,7.0,False
SS32,9,Start9,Stop9,493282.53272784635,493287.32476877165,4.0,9.0,0,7.0,False
SS32,10,Start10,Stop10,493294.12510324933,493299.13059648016,4.0,11.0,0,7.0,False
SS32,11,Start11,Stop11,493305.7342267527,493310.75346448395,4.0,7.5,0,7.0,False
SS32,12,Start12,Stop12,493317.33591695596,493322.5342834918,4.0,8.5,0,7.0,False
SS32,13,Start13,Stop13,493329.1371322643,493334.13979779504,4.0,7.0,0,7.0,True
SS32,14,Start14,Stop14,493340.74856216775,493345.7440136983,4.0,8.0,0,7.0,False
SS32,15,Start15,Stop15,493352.54703587614,493357.5475526068,4.0,9.0,0,7.0,False
SS32,16,Start16,Stop16,493364.15303587937,493369.15244091005,4.0,11.0,0,7.0,False
SS32,17,Start17,Stop17,493375.9826002885,493381.01493412006,4.0,7.5,0,7.0,False
SS32,18,Start18,Stop18,493387.592530092,493392.56253262184,4.0,8.5,0,7.0,False
SS32,19,Start19,Stop19,493399.36250319955,493404.17224752525,4.0,7.0,0,7.0,True
SS32,20,Start20,Stop20,493410.96865140286,493415.9707295336,4.0,8.0,0,7.0,False
SS32,21,Start21,Stop21,493422.5797034063,493427.58204983704,4.0,9.0,0,7.0,False
SS32,22,Start22,Stop22,493434.3771103146,493439.1806588401,4.0,11.0,0,7.0,False
SS32,23,Start23,Stop23,493445.9829268179,493450.98302504857,4.0,7.5,0,7.0,False
SS32,24,Start24,Stop24,493457.7957992266,493462.60641735233,4.0,8.5,0,7.0,False
SS33,1,Start1,Stop1,181595.52054031313,181600.5167649386,4.0,7.0,0,7.0,True
SS33,2,Start2,Stop2,181607.31829727328,181612.3191709988,4.0,8.0,0,7.0,False
SS33,3,Start3,Stop3,181618.92724443247,181623.92652275797,4.0,9.0,0,7.0,False
SS33,4,Start4,Stop4,181630.54347499172,181635.52955871716,4.0,11.0,0,7.0,False
SS33,5,Start5,Stop5,181642.13741275086,181647.13796777633,4.0,7.5,0,7.0,False
SS33,6,Start6,Stop6,181653.93874661103,181658.7437535355,4.0,8.5,0,7.0,False
SS33,7,Start7,Stop7,181665.35733476924,181670.3508933947,4.0,7.0,0,7.0,True
SS33,8,Start8,Stop8,181677.1523966294,181682.1525059549,4.0,8.0,0,7.0,False
SS33,9,Start9,Stop9,181688.76773518862,181693.7638417141,4.0,9.0,0,7.0,False
SS33,10,Start10,Stop10,181700.3754383478,181705.37189627328,4.0,11.0,0,7.0,False
SS33,11,Start11,Stop11,181711.97326070696,181717.17036733346,4.0,7.5,0,7.0,False
SS33,12,Start12,Stop12,181723.77446236715,181728.78273199266,4.0,8.5,0,7.0,False
SS33,13,Start13,Stop13,181735.38518022635,181740.38562975184,4.0,7.0,0,7.0,True
SS33,14,Start14,Stop14,181746.9878081855,181751.99357291104,4.0,8.0,0,7.0,False
SS33,15,Start15,Stop15,181758.7946446457,181763.80141297125,4.0,9.0,0,7.0,False
SS33,16,Start16,Stop16,181770.4010771049,181775.4057677304,4.0,11.0,0,7.0,False
SS33,17,Start17,Stop17,181782.20700786507,181787.01059138958,4.0,7.5,0,7.0,False
SS33,18,Start18,Stop18,181793.8169267243,181798.81446904977,4.0,8.5,0,7.0,False
SS33,19,Start19,Stop19,181805.41957978348,181810.42162450898,4.0,7.0,0,7.0,True
SS33,20,Start20,Stop20,181817.22835114368,181822.03010706816,4.0,8.0,0,7.0,False
SS33,21,Start21,Stop21,181828.83347230285,181833.83078882835,4.0,9.0,0,7.0,False
SS33,22,Start22,Stop22,181840.43485766204,181845.43934628752,4.0,11.0,0,7.0,False
SS33,23,Start23,Stop23,181852.0552515213,181857.05919844678,4.0,7.5,0,7.0,False
SS33,24,Start24,Stop24,181863.6516257804,181868.8508556069,4.0,8.5,0,7.0,False
SS34,1,Start1,Stop1,181962.11428037303,181967.126003055,4.0,7.0,0,7.0,True
SS34,2,Start2,Stop2,181973.9220031305,181978.92546741248,4.0,8.0,0,7.0,False
SS34,3,Start3,Stop3,181985.5235185887,181990.5256610707,4.0,9.0,0,7.0,False
SS34,4,Start4,Stop4,181997.33497694612,182002.33402272814,4.0,11.0,0,7.0,False
SS34,5,Start5,Stop5,182008.93668980434,182013.9382242863,4.0,7.5,0,7.0,False
SS34,6,Start6,Stop6,182020.5423335625,182025.7399044438,4.0,8.5,0,7.0,False
SS34,7,Start7,Stop7,182032.36044591994,182037.34884230193,4.0,7.0,0,7.0,True
SS34,8,Start8,Stop8,182044.15063827744,182048.95797056012,4.0,8.0,0,7.0,False
SS34,9,Start9,Stop9,182055.7636374356,182060.76878871754,4.0,9.0,0,7.0,False
SS34,10,Start10,Stop10,182067.56866779306,182072.36783317575,4.0,11.0,0,7.0,False
SS34,11,Start11,Stop11,182078.9813678519,182083.97351603393,4.0,7.5,0,7.0,False
SS34,12,Start12,Stop12,182090.79633100936,182095.7760146914,4.0,8.5,0,7.0,False
SS34,13,Start13,Stop13,182102.3818495676,182107.38915704956,4.0,7.0,0,7.0,True
SS34,14,Start14,Stop14,182114.18799812504,182119.197031507,4.0,8.0,0,7.0,False
SS34,15,Start15,Stop15,182125.80045248324,182130.8005932652,4.0,9.0,0,7.0,False
SS34,16,Start16,Stop16,182137.4024142414,182142.4055930234,4.0,11.0,0,7.0,False
SS34,17,Start17,Stop17,182149.0124096996,182154.01513318153,4.0,7.5,0,7.0,False
SS34,18,Start18,Stop18,182160.62087185774,182165.64112013965,4.0,8.5,0,7.0,False
SS34,19,Start19,Stop19,182172.24074191588,182177.23399179787,4.0,7.0,0,7.0,True
SS34,20,Start20,Stop20,182184.03597427337,182189.03578435534,4.0,8.0,0,7.0,False
SS34,21,Start21,Stop21,182195.64251813153,182200.64939441349,4.0,9.0,0,7.0,False
SS34,22,Start22,Stop22,182207.25615508968,182212.25535287167,4.0,11.0,0,7.0,False
SS34,23,Start23,Stop23,182218.8588191479,182223.86714692984,4.0,7.5,0,7.0,False
SS34,24,Start24,Stop24,182230.46364490606,182235.46941098804,4.0,8.5,0,7.0,False
SS35,1,Start1,Stop1,182327.89815683654,182332.90961902848,4.0,7.0,0,7.0,True
SS35,2,Start2,Stop2,182339.70156621753,182344.70560800948,4.0,8.0,0,7.0,False
SS35,3,Start3,Stop3,182351.30964359886,182356.51204009046,4.0,9.0,0,7.0,False
SS35,4,Start4,Stop4,182363.11773527984,182368.1189787718,4.0,11.0,0,7.0,False
SS35,5,Start5,Stop5,182374.52796376144,182379.72398185308,4.0,7.5,0,7.0,False
SS35,6,Start6,Stop6,182386.32707574245,182391.33464913437,4.0,8.5,0,7.0,False
SS35,7,Start7,Stop7,182397.93648992377,182402.9516515157,4.0,7.0,0,7.0,True
SS35,8,Start8,Stop8,182409.74602600475,182414.74967429668,4.0,8.0,0,7.0,False
SS35,9,Start9,Stop9,182421.36189328603,182426.36041407796,4.0,9.0,0,7.0,False
SS35,10,Start10,Stop10,182432.97612036733,182437.97122235928,4.0,11.0,0,7.0,False
SS35,11,Start11,Stop11,182444.77823554832,182449.78016744024,4.0,7.5,0,7.0,False
SS35,12,Start12,Stop12,182456.41361322958,182461.39474242157,4.0,8.5,0,7.0,False
SS35,13,Start13,Stop13,182467.98906271096,182472.9932934029,4.0,7.0,0,7.0,True
SS35,14,Start14,Stop14,182479.60206809224,182484.62108388418,4.0,8.0,0,7.0,False
SS35,15,Start15,Stop15,182491.2522993735,182496.2087171655,4.0,9.0,0,7.0,False
SS35,16,Start16,Stop16,182503.01571245454,182508.0161396465,4.0,11.0,0,7.0,False
SS35,17,Start17,Stop17,182514.62080933587,182519.63140992777,4.0,7.5,0,7.0,False
SS35,18,Start18,Stop18,182526.24032201714,182531.23453190908,4.0,8.5,0,7.0,False
SS35,19,Start19,Stop19,182538.03803739813,182543.0399736901,4.0,7.0,0,7.0,True
SS35,20,Start20,Stop20,182549.6723268794,182554.65861347137,4.0,8.0,0,7.0,False
SS35,21,Start21,Stop21,182561.26221886073,182566.2558412527,4.0,9.0,0,7.0,False
SS35,22,Start22,Stop22,182572.86070564206,182577.863967934,4.0,11.0,0,7.0,False
SS35,23,Start23,Stop23,182584.47914082336,182589.47649961532,4.0,7.5,0,7.0,False
SS35,24,Start24,Stop24,182596.27924190435,182601.28167289632,4.0,8.5,0,7.0,False
SS36,1,Start1,Stop1,183854.96166966713,183859.95670261089,4.0,7.0,0,7.0,True
SS36,2,Start2,Stop2,183866.56661090118,183871.55873344486,4.0,8.0,0,7.0,False
SS36,3,Start3,Stop3,183878.36080834063,183883.16133757881,4.0,9.0,0,7.0,False
SS36,4,Start4,Stop4,183889.95874747445,183894.9624084185,4.0,11.0,0,7.0,False
SS36,5,Start5,Stop5,183901.56434510852,183906.56748765253,4.0,7.5,0,7.0,False
SS36,6,Start6,Stop6,183913.16654194248,183918.16905378646,4.0,8.5,0,7.0,False
SS36,7,Start7,Stop7,183924.96636478213,183929.9800041264,4.0,7.0,0,7.0,True
SS36,8,Start8,Stop8,183936.57885441638,183941.57306546014,4.0,8.0,0,7.0,False
SS36,9,Start9,Stop9,183948.37303005584,183953.3738531998,4.0,9.0,0,7.0,False
SS36,10,Start10,Stop10,183959.99027249022,183964.9781587338,4.0,11.0,0,7.0,False
SS36,11,Start11,Stop11,183971.77797462954,183976.7833470736,4.0,7.5,0,7.0,False
SS36,12,Start12,Stop12,183983.38466866364,183988.3845516075,4.0,8.5,0,7.0,False
SS36,13,Start13,Stop13,183994.9878710976,183999.9933592417,4.0,7.0,0,7.0,True
SS36,14,Start14,Stop14,184006.59416273166,184011.5982107757,4.0,8.0,0,7.0,False
SS36,15,Start15,Stop15,184018.19702786565,184023.20283100972,4.0,9.0,0,7.0,False
SS36,16,Start16,Stop16,184029.82136640023,184034.8032860436,4.0,11.0,0,7.0,False
SS36,17,Start17,Stop17,184041.60422733938,184046.61326318356,4.0,7.5,0,7.0,False
SS36,18,Start18,Stop18,184053.21059807346,184058.21926831763,4.0,8.5,0,7.0,False
SS36,19,Start19,Stop19,184064.8188639076,184070.01481825716,4.0,7.0,0,7.0,True
SS36,20,Start20,Stop20,184076.62032474726,184081.61876999115,4.0,8.0,0,7.0,False
SS36,21,Start21,Stop21,184088.22030258118,184093.22220042514,4.0,9.0,0,7.0,False
SS36,22,Start22,Stop22,184099.92441331805,184104.82957295922,4.0,11.0,0,7.0,False
SS36,23,Start23,Stop23,184111.631218555,184116.43566329332,4.0,7.5,0,7.0,False
SS36,24,Start24,Stop24,184123.24153648922,184128.2551158335,4.0,8.5,0,7.0,False
